track,albumName,artist,releaseDate,isrc
MILLION DOLLAR BABY,Million Dollar Baby - Single,Tommy Richman,2024-04-26,QM24S2402528
Not Like Us,Not Like Us,Kendrick Lamar,2024-05-04,USUG12400910
i like the way you kiss me,I like the way you kiss me,Artemas,2024-03-19,QZJ842400387
Flowers,Flowers - Single,Miley Cyrus,2023-01-12,USSM12209777
Houdini,Houdini,Eminem,2024-05-31,USUG12403398
Lovin On Me,Lovin On Me,Jack Harlow,2023-11-10,USAT22311371
Beautiful Things,Beautiful Things,Benson Boone,2024-01-18,USWB12307016
Gata Only,Gata Only,FloyyMenor,2024-02-02,QZL382406049
Danza Kuduro - Cover,ýýýýýýýýýýýýýýýýýýýýý - ýýýýýýýýýýýýýýýýýý -,MUSIC LAB JPN,2024-06-09,TCJPA2463708
BAND4BAND (feat. Lil Baby),BAND4BAND (feat. Lil Baby),Central Cee,2024-05-23,USSM12404354
I Had Some Help (feat. Morgan Wallen),I Had Some Help,Post Malone,2024-05-10,USUM72404990
The Door,The Door,Teddy Swims,2024-06-14,USWB12402486
LUNCH,HIT ME HARD AND SOFT,Billie Eilish,2024-05-17,USUM72401991
Like That,WE DON'T TRUST YOU,Future,2024-03-22,USSM12402041
bathroom floor,bathroom floor,Kids With Buns,2022-10-07,NLC242100307
LALA,LALA - Single,Myke Towers,2023-03-22,USWL12300002
Fortnight (feat. Post Malone),THE TORTURED POETS DEPARTMENT,Taylor Swift,2024-04-18,USUG12401028
greedy,greedy,Tate McRae,2023-09-14,USRC12301932
BLUE,HIT ME HARD AND SOFT,Billie Eilish,2024-05-17,USUM72401996
As It Was,As It Was,Harry Styles,2022-03-31,USSM12200612
Paint The Town Red,Paint The Town Red,Doja Cat,2023-08-04,USRC12300907
Espresso,Espresso,Sabrina Carpenter,2024-04-12,USUM72403305
Danza Kuduro - Cover,CLUB DE YOKUKIKU YOUGAKU MEDLEY,MUSIC LAB JPN,2024-05-21,TCJPA2445163
TEXAS HOLD 'EM,TEXAS HOLD 'EM,Beyoncï¿,2024-02-10,USSM12401302
Future,Future,official sound studio,2024-01-10,RUA1H2415548
Beat Automotivo Tan Tan Tan Viral,Beat Automotivo Tan Tan Tan Viral,WZ Beat,2022-05-24,BXWEH2200054
STAY (with Justin Bieber),STAY (with Justin Bieber),The Kid LAROI,2021-07-09,USSM12103949
Baby Shark,ýýýýýýýýý ýýýýýý ýýýýýýýýýýýý,Pinkfong,2015-12-01,KRE671700001
we can't be friends (wait for your love),eternal sunshine,Ariana Grande,2024-03-08,USUM72317276
Numb / Encore,Papercuts,JAY-Z,2024-04-12,USWB12400678
Danza Kuduro - Cover,ýýýýýýýýýýýýýýýýýýýýýýýýýýý ýýýýýýýýýýýýýýýýýýýýýýýýýýý,LOVE BGM JPN,2024-05-14,TCJPA2406007
SHEESH,BABYMONS7ER,BABYMONSTER,2024-04-01,KRA402400016
Water,Water,Tyla,2023-07-28,USSM12305126
Strangers,Strangers,Kenya Grace,2023-09-01,USWB12305048
Too Sweet,Unreal Unearth: Unheard,Hozier,2024-03-22,USSM12401865
What's Love Got to Do with It - 2023 Remaster,What's Love Got to Do with It (30th Anniversary Deluxe Edition),Tina Turner,2024-04-26,GBAYE2300351
A Bar Song (Tipsy),A Bar Song (Tipsy),Shaboozey,2024-04-12,USUYG1541249
Lose Control,Lose Control,Teddy Swims,2023-06-23,USWB12302315
fukumean,fukumean,Gunna,2023-06-15,USAT22306575
Dance Monkey,Dance Monkey,Tones And I,2019-05-10,QZES71982312
BIRDS OF A FEATHER,HIT ME HARD AND SOFT,Billie Eilish,2024-05-17,USUM72401994
Cupid ï¿½ï¿½ï¿½ Twin Ver. (FIFTY FIFTY) ï¿½ï¿½ï¿½ Spe,Cupid ï¿½ï¿½ï¿½ Twin Ver. (FIFTY FIFTY) ï¿½ï¿½ï¿½ Spe,sped up 8282,2023-04-08,KRA252300672
I'm Good (Blue),I'm Good (Blue),David Guetta,2022-08-26,UKWLG2200055
Daylight,Daylight,David Kushner,2023-04-14,QZXDB2300005
My Love Mine All Mine,The Land Is Inhospitable and So Are We,Mitski,2023-09-15,USJ5G2335007
Please Please Please,Please Please Please,Sabrina Carpenter,2024-06-06,USUM72404101
Houdini,Houdini - Single,Dua Lipa,2023-11-09,GBAHT2301246
Danza Kuduro - Cover,GEKIATU BEST AGE SONG - CLUB SONG,MUSIC LAB JPN,2024-05-02,TCJPA2415647
If We Ever Broke Up,If We Ever Broke Up,Mae Stephens,2023-02-10,GBUM72300969
Despacito,Despacito (Featuring Daddy Yankee),Luis Fonsi,2017-01-13,USUM71607007
euphoria,euphoria,Kendrick Lamar,2024-04-30,USUG12402839
Panda Basi,Panda Basi - EP,Mvua,2023-02-10,GX3Q92333626
Calm Down (with Selena Gomez),Calm Down (with Selena Gomez),Rema,2022-08-25,NGA3B2214021
Shape of You,Shape of You,Ed Sheeran,2017-01-06,GBAHS1600463
Mitu,Mitu - Single,Maian,2023-01-19,EEUM72300001
Blinding Lights,Blinding Lights,The Weeknd,2019-11-29,USUG11904206
Creepin' (with The Weeknd & 21 Savage),HEROES & VILLAINS,Metro Boomin,2022-12-02,USUG12208791
Dona Felicidade,Dona Felicidade,Patati Patatï¿,2024-06-04,QZNJW2423715
Danza Kuduro - Cover,YOUGAKU MORIMORI CLUB MEDLEY,MUSIC LAB JPN,2024-04-29,TCJPA2420090
Unholy (feat. Kim Petras),Unholy (feat. Kim Petras),Sam Smith,2022-09-22,GBUM72205415
Stereo Love - Melodic,Stereo Love Deluxe (feat. Vika Jigulina),Edward Maya,2024-06-05,ROCMA2413380
Very Cute Melody by Marimba Tone (39813),Very Cute Melody by Marimba Tone (39813),mitsu sound,2023-12-31,RUA1H2406425
Supernova,Supernova,aespa,2024-05-13,KRA302400090
Me Porto Bonito,Un Verano Sin Ti,Bad Bunny,2022-05-06,QM6MZ2214877
Back That Azz Up (feat. Lil Wayne & Mannie Fresh),400 Degreez (Deluxe Edition),JUVENILE,2024-03-29,USCM52400059
Calm Down,Calm Down,Rema,2022-02-10,NGA3B2214004
CARNIVAL,CARNIVAL,ýý$,2024-02-08,QZ7XS2400012
Kill Bill,SOS,SZA,2022-12-08,USRC12204584
"What Was I Made For? [From The Motion Picture ""Barbie""]","What Was I Made For? (From The Motion Picture ""Barbie"")",Billie Eilish,2023-07-13,USUM72307484
Babba,Black Book ID's: Chapter 5 - EP,Guy Mac,2023-03-03,QZA742305720
Heat Waves,Heat Waves,Glass Animals,2020-06-29,GBUM72000433
In the End,Papercuts,Linkin Park,2024-04-12,USWB11201322
"Shakira: Bzrp Music Sessions, Vol. 53","Shakira: Bzrp Music Sessions, Vol. 53",Bizarrap,2023-01-11,UYB282301031
The Way We Move - Extended Mix,The Way We Move,PowerDress,2023-03-10,UKACT2330463
Old Town Road,Old Town Road,Lil Nas X,2019-03-14,USSM11901941
un x100to,un x100to,Grupo Frontera,2023-04-17,QM6N22311285
Laxed ï¿½ï¿½ï¿½ Sire,Laxed (Siren Beat),Jawsh 685,2020-04-24,NZAM02001128
Sprinter,Sprinter - Single,Dave,2023-06-01,GBUM72305159
CHIHIRO,HIT ME HARD AND SOFT,Billie Eilish,2024-05-17,USUM72401988
TQG,TQG,KAROL G,2023-02-23,USUM72222541
Perfect,ýý (Deluxe),Ed Sheeran,2017-03-03,GBAHS1700024
Pepas,Pepas,Farruko,2021-06-24,USSD12100307
Peekaboo,Glide - Single,Dave Angel,2023-01-27,GBLTF2300027
Ella Baila Sola,Ella Baila Sola,Eslabon Armado,2023-03-16,USE7D2300007
Dance The Night - From Barbie The Album,Dance The Night (From Barbie The Album),Dua Lipa,2023-05-25,USAT22305457
La Bebe - Remix,La Bebe (Remix),Yng Lvcas,2023-03-17,MXF152300159
redrum,american dream,21 Savage,2024-01-12,USSM12309164
Easy On Me,Easy On Me,Adele,2021-10-14,USSM12105970
Titï¿½ï¿½ Me Pregu,Un Verano Sin Ti,Bad Bunny,2022-05-06,QM6MZ2214878
All My Life (feat. J. Cole),All My Life (feat. J. Cole),Lil Durk,2023-05-12,USQX92302957
Anti-Hero,Midnights,Taylor Swift,2022-10-21,USUG12205736
"Quevedo: Bzrp Music Sessions, Vol. 52","Quevedo: Bzrp Music Sessions, Vol. 52",Bizarrap,2022-07-06,UYB282201028
Magnetic,SUPER REAL ME,ILLIT,2024-03-25,USA2P2413259
Lollipop,EVERYBODY GO TO THE DISCOTEK,Darell,2023-07-28,USSD12300307
La Diabla,La Diabla - Single,Xavi,2023-12-02,USA2P2357356
Boy's a Liar Pt. 2,Boy's a liar Pt. 2,PinkPantheress,2023-02-03,GBAYE2300015
Snooze,SOS,SZA,2022-12-09,USRC12204591
BELLAKEO,BELLAKEO,Peso Pluma,2023-12-07,QMFMF2388143
Agora Hills,Scarlet,Doja Cat,2023-09-22,USRC12301954
Prada,Prada,cassï¿,2023-08-11,GBCEN2300147
Montagem Rave Eterno,Montagem Rave Eterno,Dj Samir,2024-05-02,GXD7G2413058
Lil Boo Thang,Lil Boo Thang,Paul Russell,2023-08-18,USAR12300323
MONACO,nadie sabe lo que va a pasar maï¿½ï¿,Bad Bunny,2023-10-13,QMFME2364182
Laxed (Siren Beat),Laxed (Siren Beat),Jawsh 685,2020-04-24,USSM12002399
(It Goes Like) Nanana - Edit,(It Goes Like) Nanana [Edit],Peggy Gou,2023-06-15,GBBKS2300080
Training Season,Training Season,Dua Lipa,2024-02-15,GBAHT2301078
Type Shit,WE DON'T TRUST YOU,Future,2024-03-22,USSM12402033
Armageddon,Armageddon - The 1st Album,aespa,2024-05-27,KRA302400093
The Box,Please Excuse Me For Being Antisocial,Roddy Ricch,2019-12-06,USAT21906978
INDUSTRY BABY (feat. Jack Harlow),INDUSTRY BABY (feat. Jack Harlow),Lil Nas X,2021-07-23,USSM12104539
Pedro,Pedro - Single,Jaxomy,2024-03-29,DEE862400427
Fast Car,Gettin' Old,Luke Combs,2023-03-24,US6XF2200436
Bling-Bang-Bang-Born,Bling-Bang-Bang-Born,Creepy Nuts,2024-01-07,JPU902305042
Aesthetic,Aesthetic,Tollan Kim,2022-03-04,SGB502208576
Sunflower - Spider-Man: Into the Spider-Verse,Sunflower (Spider-Man: Into the Spider-Verse),Post Malone,2018-10-18,USUM71814888
Hands,Hands,Dianï¿½,2022-08-01,GBKPL2205333
Saturn,Saturn - Single,SZA,2024-02-24,USRC12400216
Chegou a Hora de Ir para Cama (Playback),3 Palavrinhas Vol.9 (Playback),3 Palavrinhas,2024-06-04,BXT622400190
Believer,Believer,Imagine Dragons,2017-01-31,USUM71700626
WAIT FOR U (feat. Drake & Tems),WAIT FOR U (feat. Drake & Tems),Future,2022-04-27,USSM12203789
I KNOW ?,UTOPIA,Travis Scott,2023-07-28,USSM12305012
ANDO,ANDO,Jere Klein,2023-09-27,QMDA72363047
First Class,First Class,Jack Harlow,2022-04-08,USAT22203024
FE!N,UTOPIA,Travis Scott,2023-07-28,USSM12305010
Save Your Tears - Live,After Hours (Live At SoFi Stadium),The Weeknd,2023-03-03,USUG12301493
Losing Interest - Original Mix,Losing Interest (Original),Goovex,2024-06-10,CA5KR2465999
I Ain't Worried,"I Ainï¿½ï¿½ï¿½t Worried (Music From The Motion Pi""Top Gun: Maverick"")",OneRepublic,2022-05-13,USUM72206227
MI EX TENï¿½ï¿½A RA,MAï¿½ï¿½ANA SERï¿½ï¿½ BONITO (BICHOTA,KAROL G,2023-08-10,USUG12305253
Drained of Color,Drained of Color,Exhumed,2022-08-30,US2642250302
Mood (feat. iann dior),Mood (feat. Iann Dior),24kGoldn,2020-07-24,USQX92003025
Dynamite,Dynamite,BTS,2020-08-21,QM7282022872
Looking Like a Wow End of Year 2023,Looking Like a Wow,WasteLand,2023-12-10,GXBAV2381801
Someone You Loved,Breach,Lewis Capaldi,2018-11-08,DEUM71807062
Acrï¿½ï¿½s,Acrï¿½ï¿½stico - Si,Shakira,2023-05-11,USQX92302824
Made You Look,Takin' It Back,Meghan Trainor,2022-10-21,USSM12204574
PHONK BRASILEIRO FRESCO (Slowed + Reverb),PHONK BRASILEIRO FRESCO,DJ MOIGUS,2023-06-22,QZMEQ2306756
"Sooseki (From ""Pushpa 2 The Rule"") [TELUGU]","Sooseki (From ""Pushpa 2 The Rule"") [TELUGU]",Shreya Ghoshal,2024-05-29,INS182401602
vampire,vampire,Olivia Rodrigo,2023-06-30,USUG12304091
Casca de Bala,A Cara das Vaquejadas 3.0,Thullio Milionï¿½ï¿,2024-03-01,BCAEW2400001
Back,Back,LOLA,2022-08-03,UKQNV2100272
People,People - Single,Libianca,2022-12-05,QZTB52268087
Jedag Jedug Capcut 2024,Jedag Jedug Capcut 2024,Afrian Af,2024-01-05,ATR981312465
Lady Killers II (Christoph Andersson Remix),Lady Killers II (Christoph Andersson Remix),G-Eazy,2024-03-17,TCAIA2495220
I Don't Wanna Wait,I Don't Wanna Wait,David Guetta,2024-04-05,UKWLG2400013
Abc,Abc,J Ross,2023-02-14,CLLU22300585
La Bachata,La Bachata,Manuel Turizo,2022-05-26,QZDYA1800087
ýýýýýýýýýýýýýýýýýýýýý,ýýýýýýýýýýýýýýýýýýýýý,FLI:P,2023-04-07,FRX282306294
Peaches (feat. Daniel Caesar & Giveon),Justice,Justin Bieber,2021-03-19,USUM72102636
Don't Start Now,Don't Start Now,Dua Lipa,2019-10-31,GBAHT1901121
Lucid Dreams,Lucid Dreams,Juice WRLD,2018-05-04,USUG11800685
PROVENZA,PROVENZA,KAROL G,2022-04-22,USUM72205906
WAP (feat. Megan Thee Stallion),WAP (feat. Megan Thee Stallion),Cardi B,2020-08-07,USAT22005111
SPOT!,SPOT!,ZICO,2024-04-26,USA2P2421932
Family Matters,Family Matters,Drake,2024-05-03,USUG12402984
Again,Missing,Kurochuu,2024-06-09,CA5KR2466577
Seven (feat. Latto) (Explicit Ver.),Seven (feat. Latto),Jung Kook,2023-07-14,USA2P2330093
Last Night,3 Songs At A Time Sampler,Morgan Wallen,2023-01-31,USUG12300802
Too Sweet,Unreal Unearth: Unheard,Hozier,2024-03-22,IEACJ2300335
Bad Habits,#NAME?,Ed Sheeran,2020-01-01,GBAHS2100318
QLONA,MAï¿½ï¿½ANA SERï¿½ï¿½ BONITO (BICHOTA,KAROL G,2023-08-10,USUG12305257
Leave The Door Open,Leave The Door Open,Bruno Mars,2021-03-05,USAT22100906
ýýýýýýýýýýýýýýýýýý,ýýýýýýýýýýýýýýý 3ýýýýýý ýýýýýýýýýýýýýýý,ýýýýýýýýýýýýýýý(ýýýýýýýýýýýýýýý),2022-01-05,JPKI02118106
good 4 u,good 4 u,Olivia Rodrigo,2021-05-14,USUG12101245
bad guy,"WHEN WE ALL FALL ASLEEP, WHERE DO WE GO?",Billie Eilish,2019-03-29,USUM71900764
Seï¿½ï¿½o,Shawn Mendes (Deluxe),Shawn Mendes,2018-05-25,USUM71911283
DESPECHï¿,DESPECHï¿,ROSALï¿½,2022-07-28,USSM12207207
ROCKSTAR (feat. Roddy Ricch),BLAME IT ON BABY,DaBaby,2020-04-17,USUM72007941
Eyes Closed,Eyes Closed (Piano Version),Ed Sheeran,2023-03-23,GBAHS2201304
I Remember Everything (feat. Kacey Musgraves),I Remember Everything (feat. Kacey Musgraves),Zach Bryan,2023-08-24,USWB12304903
Circles,Circles,Post Malone,2019-08-30,USUM71915699
EL AMOR DE SU VIDA,EL AMOR DE SU VIDA,Grupo Frontera,2023-08-03,DGA062382895
About Damn Time,About Damn Time,Lizzo,2022-04-14,USAT22202139
Closer,Closer,The Chainsmokers,2016-07-29,USQX91601347
FLOWER,ME,JISOO,2023-03-31,KRA402300002
PERRO NEGRO,nadie sabe lo que va a pasar maï¿½ï¿,Bad Bunny,2023-10-13,QMFME2364199
Rich Baby Daddy (feat. Sexyy Red & SZA),For All The Dogs,Drake,2023-10-06,USUG12306085
Havana (feat. Young Thug),Havana,Camila Cabello,2017-08-03,USSM11706905
LUNA,FERXXOCALIPSIS,Feid,2023-12-01,USUM72318216
I Like You (A Happier Song) (with Doja Cat),Twelve Carat Toothache,Post Malone,2022-06-03,USUM72208023
Bones,Bones,Imagine Dragons,2022-03-11,USUM72201759
Segï¿½ï¿½n Qu,Segï¿½ï¿½n Qu,Maluma,2023-08-17,USSD12300400
Selfish,Selfish,Justin Timberlake,2024-01-25,USRC12400001
golden hour,golden hour,JVKE,2022-07-15,GBKPL2204171
Levitating (feat. DaBaby),Future Nostalgia,Dua Lipa,2020-03-27,GBAHT2000942
Get It Sexyy,Get It Sexyy,Sexyy Red,2024-03-15,QZSYP2454435
"This Wish - From ""Wish""","This Wish (From ""Wish"")",Ariana DeBose,2023-10-18,USWD12328242
IDGAF (feat. Yeat),For All The Dogs,Drake,2023-10-06,USUG12306072
Ojitos Lindos,Un Verano Sin Ti,Bad Bunny,2022-05-06,QM6MZ2214888
Life Is Good (feat. Drake),Life Is Good (feat. Drake),Future,2020-01-10,USSM11914962
Escapism.,Escapism. / The Thrill Is Gone.,RAYE,2022-10-12,QMDA62217995
Stargazing,Stargazing,Myles Smith,2024-05-10,GBARL2400510
Jimmy Cooks (feat. 21 Savage),"Honestly, Nevermind",Drake,2022-06-17,USUG12204897
What You Know Bout Love,Shoot For The Stars Aim For The Moon,Pop Smoke,2020-07-03,USUM72013339
Memories,Memories,Maroon 5,2019-09-20,USUM71913350
Classy 101,Classy 101,Feid,2023-03-31,USUM72304895
Whatever,Whatever,Kygo,2024-01-19,USRC12302637
Whatever She Wants,Whatever She Wants,Bryson Tiller,2024-02-13,USRC12400299
Vois sur ton chemin - Techno Mix,Vois sur ton chemin (Techno Mix),BENNETT,2023-08-04,DEA622301801
"yes, and?","yes, and?",Ariana Grande,2024-01-12,USUM72400048
Without Me,Without Me,Halsey,2018-10-04,USUM71813499
meet the grahams,meet the grahams,Kendrick Lamar,2024-05-03,USUG12400909
First Person Shooter (feat. J. Cole),For All The Dogs,Drake,2023-10-06,USUG12306071
Shallow,Shallow,Lady Gaga,2018-09-27,USUM71813192
Thunder,Thunder,Imagine Dragons,2017-04-27,USUM71704167
Rush,Rush,Ayra Starr,2022-09-16,NGA3B2216004
abcdefu,abcdefu,GAYLE,2021-08-13,USAT22103652
Buga,Buga,Kizz Daniel,2022-05-03,USUYG1425645
Bad Habit,Bad Habit,Steve Lacy,2022-06-29,USRC12201440
MONEY,LALISA,LISA,2021-09-10,KRA402100099
Columbia,Columbia,Quevedo,2023-07-07,BK4DA2310533
LADY GAGA,LADY GAGA,Peso Pluma,2023-06-22,QM7282306246
Woman,Planet Her,Doja Cat,2021-06-25,USRC12101532
CUFF IT,RENAISSANCE,Beyoncï¿,2022-07-29,USSM12206232
KING KONG,KING KONG,TREASURE,2024-05-28,KRA402400030
How You Like That,How You Like That,BLACKPINK,2020-06-25,KRA402000111
Milf Song,Milf Song,The Puddleducks,2022-08-19,QZMEP2285895
Nasty,Nasty,Tinashe,2024-04-12,USLD91757578
Superhero (Heroes & Villains),HEROES & VILLAINS,Metro Boomin,2022-12-02,USUG12208783
Panda,Panda,Desiigner,2016-02-26,USUM71601094
Push Ups,Push Ups,Drake,2024-04-19,USUG12402283
Tattoo,Tattoo,Loreen,2023-02-25,SEUM72201638
Kiss Me More (feat. SZA),Kiss Me More (feat. SZA),Doja Cat,2021-04-09,USRC12100543
What It Is (Block Boy) (with Kodak Black),What It Is (Versions),Doechii,2023-03-17,USUG12301757
Gata Only,Gata Only - Single,FloyyMenor,2023-12-21,QZNN22329474
Illusion,Illusion,Dua Lipa,2024-04-11,GBAHT2400114
drivers license,drivers license,Olivia Rodrigo,2021-01-08,USUG12004749
Used To Be Young,Endless Summer Vacation,Miley Cyrus,2023-08-18,USSM12306461
Cupid - Twin Ver.,The Beginning: Cupid - Single,FIFTY FIFTY,2023-02-24,KSA012239181
How Sweet,How Sweet,NewJeans,2024-05-24,USA2P2414843
Players,Players,Coi Leray,2022-11-30,USUM72222387
rockstar (feat. 21 Savage),rockstar,Post Malone,2017-09-15,USUM71710087
Lil Somethin Somethin,Lil Somethin Somethin,Vayah,2023-03-11,QZDA72340256
Con Calma,Con Calma,Daddy Yankee,2019-01-24,US2BU1900125
Here With Me,Here With Me,d4vd,2022-07-20,QZMEM2209263
Favorite Song,Favorite Song,Toosii,2023-02-17,USUM72301797
Si No Quieres No,Si No Quieres No - Single,Luis R Conriquez,2024-03-09,US3DF2417042
Mele Kalikimaka,"Essential Classics, Vol. 166: Bing Crosby",Bing Crosby,2024-06-05,ES31E2401197
MONTERO (Call Me By Your Name),MONTERO (Call Me By Your Name),Lil Nas X,2021-03-26,USSM12100531
Voz Emplumada del Monte,Voz Emplumada - EP,Biomigrant,2023-03-03,QZ5FN2369288
Is It Over Now? (Taylor's Version) (From The Vault),1989 (Taylor's Version),Taylor Swift,2023-10-26,USUG12306691
Si No Estï¿½,Si No Estï¿½ï¿½s - Si,iï¿½ï¿½igo quin,2022-09-22,TCAGM2208561
Glimpse of Us,Glimpse of Us,Joji,2022-06-10,USWB12201789
Watermelon Sugar,Watermelon Sugar,Harry Styles,2019-11-17,USSM11912587
Corazï¿½ï¿½n de Pi,Corazï¿½ï¿½n de Piedra - Si,Xavi,2024-03-23,USA2P2414894
Praise Jah In The Moonlight,Praise Jah In the Moonlight - Single,YG Marley,2023-12-27,CH7811111177
WHERE SHE GOES,WHERE SHE GOES,Bad Bunny,2023-05-18,QM6P42334528
Yandel 150,Yandel 150,Yandel,2022-12-20,QMFMF2215173
THATS WHAT I WANT,MONTERO,Lil Nas X,2021-09-17,USSM12105732
Todo De Ti,Todo De Ti,Rauw Alejandro,2021-05-20,USSD12100202
Chemical,Chemical,Post Malone,2023-04-14,USUM72305205
See You Again (feat. Charlie Puth),See You Again (feat. Charlie Puth),Wiz Khalifa,2015-01-01,USAT21703595
Drip Too Hard (Lil Baby & Gunna),Drip Too Hard,Lil Baby,2018-09-12,USUG11801811
Shooting Star,Kep1going On,Kep1er,2024-06-03,KRA492400678
Uptown Funk,Full Circle: The Live Anthology,Mark Ronson,2011-11-20,GBARL1401524
Dog's Plan,Thoughts Feelings,David Jackson,2023-03-02,USZXT2350766
love nwantiti (ah ah ah),CKay The First,CKay,2019-08-30,QMEU31910213
Mi Gente,Mi Gente,J Balvin,2017-06-30,FR22F1701790
Late Night Talking,Harry's House,Harry Styles,2022-05-20,USSM12200610
Miss You,Miss You,Oliver Tree,2022-08-05,USAT22211992
girls like me don't cry,Girls Like Me Don't Cry,thï¿½ï,2022-10-06,QZLBC2200766
Yummy Fruits and Vegetables,Yummy Fruits and Vegetables,D Billions,2020-10-20,AEA0D2036458
Dakiti,Dakiti,Bad Bunny,2020-01-01,QMFME2004132
Starboy,Starboy,The Weeknd,2016-09-22,USUG11600976
Sorry,Sorry,Justin Bieber,2015-10-23,USUM71516760
Calling My Phone,Calling My Phone,Lil Tjay,2021-02-12,USSM12100388
Pink Venom,Pink Venom,BLACKPINK,2022-08-19,KRA402200017
I Can Do It With a Broken Heart,THE TORTURED POETS DEPARTMENT,Taylor Swift,2024-04-18,USUG12401040
death bed (coffee for your head),"Some Boring, Love Stories, Pt. 2",Powfu,2019-02-09,USSM12000925
Too Many Nights (feat. Don Toliver & with Future),HEROES & VILLAINS,Metro Boomin,2022-12-02,USUG12208784
MELTDOWN (feat. Drake),MELTDOWN (feat. Drake),Travis Scott,2023-07-27,USSM12305021
California Gurls,Girl Power 2023,Katy Perry,2023-09-19,USCA21001182
Moscow Mule,Un Verano Sin Ti,Bad Bunny,2022-05-06,QM6MZ2214875
Something Just Like This,Something Just Like This,The Chainsmokers,2017-02-22,USQX91700278
7 rings,7 rings,Ariana Grande,2019-01-18,USUM71900110
Moonlight,Moonlight,Kali Uchis,2023-02-24,USUM72219486
Savage Love (Laxed - Siren Beat),Savage Love (Laxed - Siren Beat),Jawsh 685,2020-06-11,USSM12003798
Bidi Bidi Bom Bom (Remasterizado 2024/30th Anniversary),Amor Prohibido (Remasterizado 2024/30th Anniversary),Selena,2024-03-22,USUM72402910
God's Plan,Diplomatic Immunity,Drake,2018-01-20,USCM51800004
Sunroof,Sunroof,Nicky Youre,2021-11-26,QM24S2107064
La Vï¿½ï¿½c,La Vï¿½ï¿½c,Xavi,2023-08-19,USA2P2339944
MY EYES,UTOPIA,Travis Scott,2023-07-28,USSM12305007
WORK,GOLDEN HOUR : Part.1,ATEEZ,2024-05-31,KRD442400011
Despacito - Remix,Despacito Feat. Justin Bieber (Remix),Luis Fonsi,2017-04-17,USUM71703825
Ghost,Justice,Justin Bieber,2021-03-19,USUM72102635
Dior,Meet The Woo,Pop Smoke,2019-07-26,USUM71914275
New Baby Shark,Pinkfong & Baby Shark's Space Adventure Songs,Pinkfong,2022-09-30,QMDA62210237
Breakeven,Breakeven (Official 4K Video),The Script,2024-04-25,GB1102400418
Una Noche en Medellï¿½,Una Noche en Medellï¿½,Cris Mj,2022-01-21,QM4TW2218961
SAD!,SAD!,XXXTENTACION,2018-03-02,USUG11800208
Primera Cita,La Primera Cita - Single,Carin Leon,2023-04-20,QZQMB2104890
Efecto,Un Verano Sin Ti,Bad Bunny,2022-05-06,QM6MZ2214884
Dame Tu Cosita,Dame Tu Cosita,El Chombo,2018-04-23,TCADP1859309
Bï¿½ï¿½nï¿½ï¿½ï¿½ï¿½os Que Nï¿½ï¿½o Tï¿½ï¿½m Fim (Co,Bï¿½ï¿½nï¿½ï¿½ï¿½ï¿½os Que Nï¿½ï¿½o Tï¿½ï¿½m Fim (Co,Isadora Pompeo,2023-11-09,BRSME2301957
Slow It Down,Slow It Down,Benson Boone,2024-03-22,USWB12400913
Yonaguni,Yonaguni,Bad Bunny,2021-06-04,QM6P42169803
Heathens,Heathens,Twenty One Pilots,2016-06-16,USAT21601930
Whoopty,Whoopty,CJ,2020-08-20,USA2P2031043
Super Shy,NewJeans 'Super Shy',NewJeans,2023-07-07,USA2P2330068
Happier,Happier - Single,Marshmello,2018-08-16,USUG11801651
HARLEY QUINN,HARLEY QUINN - Single,Fuerza Regida,2023-10-18,QZ9QQ2300781
Baby Don't Hurt Me,Baby Don't Hurt Me - Single,David Guetta,2023-04-07,UKWLG2300016
Butter,Butter,BTS,2021-05-21,QM6MZ2156864
Cinderella,WE DON'T TRUST YOU,Future,2024-03-22,USSM12402037
Calma - Remix,Calma (Remix),Pedro Capï¿,2018-10-05,USSD11800343
"CAN'T STOP THE FEELING! (Original Song From Dreamworks Animation's ""Trolls"")","CAN'T STOP THE FEELING! (Original Song From Dreamworks Animation's ""Trolls"")",Justin Timberlake,2016-05-06,USRC11600876
Say So,Hot Pink,Doja Cat,2019-11-07,USRC11903454
Ransom,Ransom,Lil Tecca,2019-05-22,QZ85M1940160
Romantic Homicide,Romantic Homicide,d4vd,2022-07-20,QZMEM2232831
Pink Skies,Pink Skies,Zach Bryan,2024-05-24,USWB12401947
Rockabye (feat. Sean Paul & Anne-Marie),Rockabye (feat. Sean Paul & Anne-Marie),Clean Bandit,2016-10-21,GBAHS1600363
Danza Kuduro - Cover,A collection of Western music that will get you excited,MUSIC LAB JPN,2023-11-15,TCJPX2396779
Cool,JnD Mix,Drake,2024-05-25,QZNWQ2410638
Rich Men North of Richmond,Rich Men North of Richmond - Single,Oliver Anthony Music,2023-08-11,QZPLS2305267
BESO,RR,ROSALï¿½,2023-03-24,USSM12301258
MTG QUEM Nï¿½ï¿½O QUER SO,MTG QUEM Nï¿½ï¿½O QUER SOU EU - Si,DJ TOPO,2024-05-10,BXIV82456543
Que Vuelvas,Que Vuelvas - Single,Carin Leon,2022-12-09,QZWT32210000
Pretty Green Eyes (Sunset Ibiza Mix),Pretty Green Eyes (Sunset Ibiza Mix),KETTAMA,2024-06-14,CBEFB2400006
Just Wanna Rock,Just Wanna Rock,Lil Uzi Vert,2022-10-17,USAT22219211
Mood Swings (feat. Lil Tjay),Shoot For The Stars Aim For The Moon,Pop Smoke,2020-07-03,USUM72013632
Fuck Love (feat. Trippie Redd),17,XXXTENTACION,2017-08-25,USUYG1156898
Rich Flex,Her Loss,Drake,2022-11-04,USUG12208598
Standing Next to You,GOLDEN,Jung Kook,2023-11-03,USA2P2348391
Congratulations,Congratulations,Post Malone,2016-11-04,USUM71614484
Do It To It,Do It To It,ACRAZE,2021-08-20,QZFPL2100100
Tusa,Tusa,KAROL G,2019-11-07,USUM71921183
For The Night (feat. Lil Baby & DaBaby),Shoot For The Stars Aim For The Moon,Pop Smoke,2020-07-03,USUM72013355
Good Good,Good Good,USHER,2023-08-04,QZS7J2331813
Austin,Austin - Single,Dasha,2023-11-17,QZTB92360479
Search & Rescue,Search & Rescue,Drake,2023-04-07,USUG12301601
TULUM,TULUM,Peso Pluma,2023-06-28,QM7282325573
Shivers,#NAME?,Ed Sheeran,2020-01-01,GBAHS2100671
Coup du marteau,Coup du marteau,Tam Sir,2023-12-08,DGA0Q2357844
Adderall (Corvette Corvette),Adderall (Corvette Corvette),Popp Hunna,2020-10-14,USA2P2036916
Full Senyum Sayang,Full Senyum Sayang,Evan Loss,2022-04-28,SGB502213458
Sunroof,Sunroof,Nicky Youre,2021-12-03,USQX92202129
Watching Yourself Being Born,Neuroscape,Blush Response,2023-04-04,QZFZ72309552
Los del Espacio,Los del Espacio - Single,LIT killah,2023-06-01,USWL12300725
Taste (feat. Offset),Taste (feat. Offset),Tyga,2018-05-16,USUYG1198481
MAMIII,MAMIII,Becky G,2022-02-10,USRC12200425
Until I Found You,Until I Found You,Stephen Sanchez,2021-09-01,USUG12103651
exes,exes,Tate McRae,2023-11-17,USRC12302756
Banana (feat. Shaggy),Banana (feat. Shaggy),Conkarah,2019-08-16,QMRSZ1901446
Stick Season,Stick Season,Noah Kahan,2022-07-08,USUM72212470
Need To Know,Need To Know,Doja Cat,2021-06-11,USRC12101120
kompa pasiï¿½,kompa pasiï¿½,ýýýýýýýýýý,2024-04-12,USUS12400227
Quï¿½ï¿½ Ago,Pa' Luego Es Tarde,Yuridia,2022-10-20,MXF012200200
Last Last,Last Last,Burna Boy,2022-05-12,USAT22204901
Ngopi Maszeh,Ngopi Maszeh,Happy Asmara,2023-01-29,SGB502314277
500lbs,500lbs,Lil Tecca,2023-07-21,USUM72309854
Knife Talk (with 21 Savage ft. Project Pat),Certified Lover Boy,Drake,2021-09-03,USUG12104409
BILLIE EILISH.,BILLIE EILISH.,Armani White,2022-05-19,SGB502248062
ýýýýýýýýýýýý,ýýýýýýýýýýýý,YOASOBI,2023-04-12,JPP302300157
Lï¿½ï¿½ï¿½AMOUR DE ,HIT ME HARD AND SOFT,Billie Eilish,2024-05-17,USUM72401990
Thinkinï¿½ï¿½ï¿½ B,One Thing At A Time,Morgan Wallen,2023-03-03,USUG12300821
Madonna,Madonna - Single,Natanael Cano,2024-03-08,QZ9QQ2400185
deja vu,deja vu,Olivia Rodrigo,2021-04-01,USUG12101240
6. A.M.,Motion is Emotion,Azul,2022-10-07,ES40B2200055
CONTIGO (with Tiï¿½ï¿½,CONTIGO (with Tiï¿½ï¿½,KAROL G,2024-02-15,USUG12400966
Sequï¿½ï¿½ncia da,Sequï¿½ï¿½ncia da,TRASHXRL,2023-05-08,SGB502370315
WILDFLOWER,HIT ME HARD AND SOFT,Billie Eilish,2024-05-17,USUM72401993
Doja,Doja,Central Cee,2022-07-21,ZZOPM2237319
Kill This Love,Kill This Love,BLACKPINK,2019-04-04,KRA401900005
Lan,Lan - Single,Zeynep Bastï¿½,2024-03-08,TRAUR2400004
"Good Luck, Babe!","Good Luck, Babe!",Chappell Roan,2024-04-05,USUG12401967
Sweet but Psycho,Sweet but Psycho,Ava Max,2018-08-17,USAT21802011
Hey Mor,Hey Mor,Ozuna,2022-10-06,QMDA62203322
Ferrari,Ferrari,James Hype,2022-03-15,GB3CE2200004
Falling,Falling,Trevor Daniel,2018-10-05,USUYG1221109
positions,positions,Ariana Grande,2020-10-23,USUM72019412
Where Are You Now,Where Are You Now,Lost Frequencies,2021-07-30,BEHP42100067
Amor Prohibido - Remasterizado 2024/30th Anniversary,Amor Prohibido (Remasterizado 2024/30th Anniversary),Selena,2024-03-22,USUM72402905
Save Your Tears,After Hours,The Weeknd,2020-03-20,USUG12000658
Happier Than Ever,Happier Than Ever,Billie Eilish,2021-07-30,USUM72105936
This Is What You Came For,This Is What You Came For,Calvin Harris,2016-04-29,GBARL1600460
China,China,Anuel AA,2019-07-19,QM6P41952433
"Let It Go - From ""Frozen""/Soundtrack Version",Frozen (Original Motion Picture Soundtrack / Deluxe Edition),Idina Menzel,2013-01-01,USWD11366376
Moonlight,?,XXXTENTACION,2018-03-16,USUG11800209
I Had Some Help (feat. Morgan Wallen),I Had Some Help,Post Malone,2024-05-10,USUM72404993
Smart,EASY,LE SSERAFIM,2024-02-19,USA2P2402103
That's What I Like,24K Magic,Bruno Mars,2016-11-17,USAT21602948
Commando,Commando - Single,Mavokali,2022-09-28,QZTVM2210964
The Business,The Business,Tiï¿½ï¿,2020-09-16,CYA112000624
Ride It,Ride It,Regard,2019-07-26,GBCEN1900047
Mwaki,SURRENDER,Zerb,2023-09-27,NLRD52339318
BICHOTA,BICHOTA,KAROL G,2020-10-23,USUM72019324
Renklensin,Renklensin - Single,Reynmen,2024-04-19,FRX282477628
Bad idea,Missing,Kurochuu,2024-06-09,CA5KR2466578
writhe,writhe,daine,2023-02-21,AUWA02201495
The Hills,The Hills,The Weeknd,2015-05-27,USUG11500737
Seven (feat. Latto) (Clean Ver.),Seven (feat. Latto),Jung Kook,2023-07-14,USA2P2330092
SKINNY,HIT ME HARD AND SOFT,Billie Eilish,2024-05-17,USUM72401995
The Girl From Ipanema,Instrumental Bossa Nova,Stan Getz,2024-06-06,QZQAY2414774
Te Felicito,Te Felicito,Shakira,2022-04-21,USQX92201764
Que Onda,Que Onda - Single,Calle 24,2023-08-30,USDXS2303230
Stumblin' In,Stumblin' In,CYRIL,2023-11-10,NLZ542301810
A Bar Song (Tipsy),A Bar Song (Tipsy),Shaboozey,2024-04-12,USUYG1543926
STAR WALKIN' (League of Legends Worlds Anthem),STAR WALKIN' (League of Legends Worlds Anthem) - Single,Lil Nas X,2022-09-22,USSM12208809
Desesperados,VICE VERSA,Rauw Alejandro,2021-12-10,USSD12100779
"Young Miko: Bzrp Music Sessions, Vol. 58","Young Miko: Bzrp Music Sessions, Vol. 58",Bizarrap,2024-01-10,UYB282401001
Sugar,V (Deluxe),Maroon 5,2014-08-29,USUM71410340
I DONï¿½ï¿½ï¿½T WANNA DO THIS A,King of the Dead,Juliï¿½ï¿½n Kh,2024-03-18,QZLL92480334
Igual Que Un ï¿½ï¿½ngel (with Peso Pl,ORQUï¿½ï¿½,Kali Uchis,2024-01-12,USUM72315072
"Jhoome Jo Pathaan (From ""Pathaan"") [Arabic Version]","Jhoome Jo Pathaan (From ""Pathaan"") [Arabic Version] - Single",Abd El Fattah Grini,2023-01-14,INY092300003
Old Town Road - Remix,Old Town Road,Lil Nas X,2019-04-05,USSM11902498
Let Me Love You,Encore,DJ Snake,2016-08-05,QMZSY1600015
Envolver,Envolver - Single,Anitta,2021-11-11,USWL12100576
Oublie-moi,Oublie-moi,Emkal,2022-09-16,FRDDV2200780
Malohat,Malohat,Xamdam Sobirov,2024-04-20,RUA1D2459522
MAESTRO,SEVENTEEN BEST ALBUM '17 IS RIGHT HERE',SEVENTEEN,2024-04-29,USA2P2415975
NUEVA VIDA,Gï¿½ï¿½N,Peso Pluma,2023-06-22,QM7282306253
you broke me first,you broke me first,Tate McRae,2020-04-17,USRC12000832
Relationship (feat. Future),Beautiful Thugger Girls,Young Thug,2017-06-16,USAT21701747
Beggin',Chosen,Mï¿½ï¿½ne,2017-12-08,ITB001700846
Faint,Papercuts,Linkin Park,2024-04-12,USWB12401896
Pretty - Sped Up,Pretty,MEYY,2023-06-07,FRD9M2300690
Hawï¿½,Hawï¿½,Maluma,2020-07-29,USSD12000190
LA FALDA,LA FALDA - Single,Myke Towers,2023-11-22,USWL12302952
act ii: date @ 8,act ii: date @ 8,4batz,2023-12-07,QZS7J2359132
Cradles,Cradles,Sub Urban,2019-01-04,GB2LD1800949
Roses - Imanbek Remix,Roses (Imanbek Remix),SAINt JHN,2019-05-04,RUB421901499
Angel Numbers / Ten Toes,11:11,Chris Brown,2023-11-10,USRC12302900
Never Lose Me,Never Lose Me - Single,Flo Milli,2023-11-30,USRC12303379
Reggaeton Champagne,Kittyponeo,Bellakath,2023-10-05,BK4DA2319233
MASHA ULTRAFUNK,MASHA ULTRAFUNK,HISTED,2024-03-08,QZES82406061
Under The Influence,Indigo (Extended),Chris Brown,2019-10-04,USRC11902743
Life Goes On,"Ugly is Beautiful: Shorter, Thicker & Uglier (Deluxe)",Oliver Tree,2020-07-17,USAT22007153
Si Una Vez (Remasterizado 2024/30th Anniversary),Amor Prohibido (Remasterizado 2024/30th Anniversary),Selena,2024-03-22,USUM72402913
BATTER UP,BABYMONSTER Debut Digital Single [BATTER UP],BABYMONSTER,2023-11-27,KRA402300048
SI NO ES CONTIGO,SI NO ES CONTIGO,Cris Mj,2024-05-23,QM6N22466972
Trance (with Travis Scott & Young Thug),HEROES & VILLAINS,Metro Boomin,2022-12-02,USUG12208787
Rock and A Hard Place,Rock and A Hard Place,Bailey Zimmerman,2022-06-10,USWB12201797
obsessed,GUTS (spilled),Olivia Rodrigo,2024-03-22,USUG12305564
Eyes Closed,Eyes Closed,Imagine Dragons,2024-04-03,USUM72402448
Wanna Be,Wanna Be (Alternate Versions),GloRilla,2024-04-03,USUM72403374
Don't Let Me Down,Pop Party,The Chainsmokers,2016-01-01,USQX91600011
DDU-DU DDU-DU,SQUARE UP,BLACKPINK,2018-06-15,KRA401800096
telepatï¿½,Sin Miedo (del Amor y Otros Demonios) ï¿½,Kali Uchis,2020-11-18,GBUM72005748
Wake Me Up,TRUE,Avicii,2013-01-01,SEUM71301326
Overdrive (feat. Norma Jean Martine),Overdrive (feat. Norma Jean Martine),Ofenbach,2023-10-06,FR9W12347222
Chulo pt.2,Chulopt2,Bad Gyal,2023-06-22,USUM72305143
All Girls Are The Same,All Girls Are The Same,Juice WRLD,2018-04-13,USUG11800651
Push Up - Main Edit,Push Up - Single,Creeds,2023-03-31,DEE862300564
Kings & Queens,Kings & Queens,Ava Max,2020-03-12,USAT21906943
Adore You,Adore You,Harry Styles,2019-12-06,USSM11912588
HIGHEST IN THE ROOM,HIGHEST IN THE ROOM,Travis Scott,2019-10-04,USSM11904276
UNAVAILABLE (feat. Musa Keys),Timeless,Davido,2023-03-30,GBARL2300322
Million Dollar Baby (Vhs),Million Dollar Baby - Single,Tommy Richman,2024-04-26,QM24S2402634
"Taki Taki (feat. Selena Gomez, Ozuna & Cardi B)",Taki Taki,DJ Snake,2018-09-28,USUG11802029
"Chaleya (From ""Jawan"")","Chaleya (From ""Jawan"")",Anirudh Ravichander,2023-08-14,INS182302348
Dreamers [Music from the FIFA World Cup Qatar 2022 Official Soundtrack],Dreamers [Music from the FIFA World Cup Qatar 2022 Official Soundtrack],Jung Kook,2022-11-20,QZNMY2232113
ADIVINO,ADIVINO - Single,Myke Towers,2024-04-25,USWL12401327
THE BOX MEDLEY FUNK 2,THE BOX MEDLEY FUNK 2,THE BOX,2024-04-18,BKF5C2400003
Cruel Summer,Lover,Taylor Swift,2019-08-23,USUG11901472
No Me Queda Mï¿½ï¿½s (Remasterizado 2024/30th Annivers,Amor Prohibido (Remasterizado 2024/30th Anniversary),Selena,2024-03-22,USUM72402906
Breathe,2093,Yeat,2024-02-16,USUM72401623
Unforgettable,EPIC AF,French Montana,2017-01-01,USSM11703478
EASY,EASY,LE SSERAFIM,2024-02-19,USA2P2402101
"Peso Pluma: Bzrp Music Sessions, Vol. 55","Peso Pluma: Bzrp Music Sessions, Vol. 55 - Single",Bizarrap,2023-05-31,UYB282301034
Faded,Faded,Benjamin Richter,2017-07-28,DEE861701287
Lose My Breath (Feat. Charlie Puth),Lose My Breath,Stray Kids,2024-05-10,US5TA2400074
ýýýýýýýýýý ýýýýýýýýýýýý,ýýýýýýýýýý ýýýýýýýýýýýý,ALEX&RUS,2019-07-03,QM6N21999015
Move,Move - Single,Adam Port,2024-06-07,DEEC33501508
F.N,F.N,Lil Tjay,2019-08-09,USSM11904899
Say You Won't Let Go,Say You Won't Let Go,James Arthur,2016-09-09,DEE861600586
Blank Space,1989 (Deluxe),Taylor Swift,2014-01-01,USCJY1431309
Girls Like You,Red Pill Blues (Deluxe),Maroon 5,2017-11-03,USUM71710831
HUMBLE.,HUMBLE.,Kendrick Lamar,2017-03-31,USUM71703085
Forget Me,Forget Me,Lewis Capaldi,2022-09-09,DEUM72204717
Sabka Malik Ek,Sabka Malik Ek,Dada Black Sheep,2022-08-12,FR9W12228852
Scared To Start,Scared To Start,Michael Marcagi,2024-01-12,USWB12400001
Super Freaky Girl,Super Freaky Girl,Nicki Minaj,2022-08-12,USUM72215262
Miracle (with Ellie Goulding),Miracle (with Ellie Goulding),Calvin Harris,2023-03-10,GBARL2300300
Somebody That I Used To Know,Making Mirrors (Deluxe),Gotye,2011-01-01,AUZS21100040
We Don't Talk Anymore (feat. Selena Gomez),Nine Track Mind,Charlie Puth,2015-11-05,USAT21502909
Oh No,Cold As Ice,Kreepa,2019-12-13,USUYG1287925
Pop Out (feat. Lil Tjay),Pop Out (feat. Lil TJay),Polo G,2019-02-07,USQX91900309
7 Years,Lukas Graham (Blue Album),Lukas Graham,2015-06-16,USWB11506516
Something in the Orange,Something in the Orange,Zach Bryan,2022-04-22,USWB12201213
AMARGURA,MAï¿½ï¿½ANA SERï¿½ï¿,KAROL G,2023-02-24,USUM72222552
"Happy - From ""Despicable Me 2""",538 Hitzone Best Of 2013,Pharrell Williams,2013-01-01,USQ4E1300686
I Wanna Party,I Wanna Party - Single,Drake,2024-05-31,QZYFZ2445017
Bailando Bachata,Bailando Bachata - Single,Chayanne,2023-05-25,USSD12201328
La Bebe (Remix) [Apple Music Live],Apple Music Live: Peso Pluma,Peso Pluma,2023-12-06,QMFMF2394976
Treat You Better,Treat You Better,Shawn Mendes,2016-06-03,USUM71604711
Feliz Cumpleaï¿½ï¿½os Fe,Feliz Cumpleaï¿½ï¿½os Fe,Feid,2022-08-19,USUM72215366
Let Her Go,Let Her Go,Passenger,2012-07-27,GBMQN1200012
Fall Back,Fall Back / Selfish Game - Single,Lithe,2024-03-21,AUMEV2435468
Stressed Out,Stressed Out,Twenty One Pilots,2015-04-28,USAT21500597
Astronaut In The Ocean,Astronaut In The Ocean (International Remixes),Masked Wolf,2019-01-01,USAT22100017
All of Me,Love In The Future (South Africa Tour Edition),John Legend,2012-01-01,USSM11303954
2055,2055,Sleepy Hallow,2021-04-14,USRC12100442
Bandit,Bandit - Single,Don Toliver,2024-02-01,USAT22400561
Redbone,Redbone,Childish Gambino,2016-11-17,USYAH1600107
Yimmy Yimmy,Yimmy Yimmy (feat. Jacqueline Fernandez) - Single,Tayc,2024-03-08,USA2P2410436
"This Is The Thanks I Get?! - From ""Wish""","This Is The Thanks I Get?! (From ""Wish"")",Chris Pine,2023-10-25,USWD12328244
We Don't Talk About Bruno,Encanto (Original Motion Picture Soundtrack),Carolina Gaitï¿½ï¿½n - La G,2021-11-19,USWD12112915
You Proof,You Proof,Morgan Wallen,2022-05-13,USUG12203266
Enemy (with JID) - from the series Arcane League of Legends,Mercury - Act 1,Imagine Dragons,2021-09-03,USUM72119916
Break My Heart,Break My Heart,Dua Lipa,2020-03-25,GBAHT1901303
Shut Down,BORN PINK,BLACKPINK,2022-09-16,KRA402200020
